,Tensión,Tensión Corriente,ET,ETC
0,0.30949976,53.738122,"+1.00000000E+00
","+1.00000000E+02
"
1,0.33524246,-9.951e-06,"+1.00000000E+00
","+1.00000000E-01
"
2,0.34074186,-2.0005e-05,"+1.00000000E+00
","+1.00000000E-01
"
3,0.34447746,-1.0409e-05,"+1.00000000E+00
","+1.00000000E-01
"
4,0.34997843,-7.005e-06,"+1.00000000E+00
","+1.00000000E-01
"
5,0.35408837,-7.4e-06,"+1.00000000E+00
","+1.00000000E-01
"
6,0.35950233,-3.133e-06,"+1.00000000E+00
","+1.00000000E-01
"
7,0.36358498,-3.851e-06,"+1.00000000E+00
","+1.00000000E-01
"
8,0.36892675,-5.62e-07,"+1.00000000E+00
","+1.00000000E-01
"
9,0.37270461,-1.395e-06,"+1.00000000E+00
","+1.00000000E-01
"
10,0.3792533,-3.02e-07,"+1.00000000E+00
","+1.00000000E-01
"
11,0.38299079,1.04e-07,"+1.00000000E+00
","+1.00000000E-01
"
12,0.38868486,1.87e-07,"+1.00000000E+00
","+1.00000000E-01
"
13,0.3933115,7.81e-07,"+1.00000000E+00
","+1.00000000E-01
"
14,0.39774444,1.717e-06,"+1.00000000E+00
","+1.00000000E-01
"
15,0.36957033,1.103e-06,"+1.00000000E+00
","+1.00000000E-01
"
16,0.37716338,15.343626,"+1.00000000E+00
","+1.00000000E+02
"
17,0.38012897,16.394883,"+1.00000000E+00
","+1.00000000E+02
"
18,0.38336105,17.291353,"+1.00000000E+00
","+1.00000000E+02
"
19,0.38647254,18.022181,"+1.00000000E+00
","+1.00000000E+02
"
20,0.38922174,18.965282,"+1.00000000E+00
","+1.00000000E+02
"
21,0.39266814,19.912664,"+1.00000000E+00
","+1.00000000E+02
"
22,0.3954011,20.66169,"+1.00000000E+00
","+1.00000000E+02
"
23,0.39832274,21.701261,"+1.00000000E+00
","+1.00000000E+02
"
24,0.40155065,22.657706,"+1.00000000E+00
","+1.00000000E+02
"
25,0.40439176,23.529308,"+1.00000000E+00
","+1.00000000E+02
"
26,0.40751674,24.537811,"+1.00000000E+00
","+1.00000000E+02
"
27,0.41054279,25.423674,"+1.00000000E+00
","+1.00000000E+02
"
28,0.41331016,26.18934,"+1.00000000E+00
","+1.00000000E+02
"
29,0.41619133,27.112702,"+1.00000000E+00
","+1.00000000E+02
"
30,0.41881948,28.066832,"+1.00000000E+00
","+1.00000000E+02
"
31,0.4220176,29.140516,"+1.00000000E+00
","+1.00000000E+02
"
32,0.4246946,30.052977,"+1.00000000E+00
","+1.00000000E+02
"
33,0.42785263,31.130707,"+1.00000000E+00
","+1.00000000E+02
"
34,0.43117311,32.094299,"+1.00000000E+00
","+1.00000000E+02
"
35,0.43407258,33.086044,"+1.00000000E+00
","+1.00000000E+02
"
36,0.43682907,33.92094,"+1.00000000E+00
","+1.00000000E+02
"
37,0.43967583,35.056033,"+1.00000000E+00
","+1.00000000E+02
"
38,0.44240691,36.091429,"+1.00000000E+00
","+1.00000000E+02
"
39,0.4450723,37.050884,"+1.00000000E+00
","+1.00000000E+02
"
40,0.44795253,38.146186,"+1.00000000E+00
","+1.00000000E+02
"
41,0.45102188,39.029142,"+1.00000000E+00
","+1.00000000E+02
"
42,0.45375599,40.181673,"+1.00000000E+00
","+1.00000000E+02
"
43,0.45631459,41.106724,"+1.00000000E+00
","+1.00000000E+02
"
44,0.45901857,42.140295,"+1.00000000E+00
","+1.00000000E+02
"
45,0.46188032,43.129621,"+1.00000000E+00
","+1.00000000E+02
"
46,0.46465574,44.216752,"+1.00000000E+00
","+1.00000000E+02
"
47,0.46757707,45.053635,"+1.00000000E+00
","+1.00000000E+02
"
48,0.47007019,46.180961,"+1.00000000E+00
","+1.00000000E+02
"
49,0.47294499,47.185907,"+1.00000000E+00
","+1.00000000E+02
"
50,0.47569531,48.360445,"+1.00000000E+00
","+1.00000000E+02
"
51,0.4785018,49.457811,"+1.00000000E+00
","+1.00000000E+02
"
52,0.48113822,50.398413,"+1.00000000E+00
","+1.00000000E+02
"
53,0.48427618,51.537907,"+1.00000000E+00
","+1.00000000E+02
"
54,0.48724814,52.630708,"+1.00000000E+00
","+1.00000000E+02
"
55,0.48925427,53.642089,"+1.00000000E+00
","+1.00000000E+02
"
56,0.49253373,54.697966,"+1.00000000E+00
","+1.00000000E+02
"
57,0.49497865,55.811758,"+1.00000000E+00
","+1.00000000E+02
"
58,0.49775302,56.921965,"+1.00000000E+00
","+1.00000000E+02
"
59,0.50063357,58.019416,"+1.00000000E+00
","+1.00000000E+02
"
60,0.50345064,59.317759,"+1.00000000E+00
","+1.00000000E+02
"
61,0.50557768,60.07058,"+1.00000000E+00
","+1.00000000E+02
"
62,0.50902376,61.340136,"+1.00000000E+00
","+1.00000000E+02
"
63,0.51184228,62.393581,"+1.00000000E+00
","+1.00000000E+02
"
64,0.51414473,63.563614,"+1.00000000E+00
","+1.00000000E+02
"
65,0.51665668,64.665337,"+1.00000000E+00
","+1.00000000E+02
"
66,0.51926308,65.743225,"+1.00000000E+00
","+1.00000000E+02
"
67,0.52236902,66.729457,"+1.00000000E+00
","+1.00000000E+02
"
68,0.52484637,67.857092,"+1.00000000E+00
","+1.00000000E+02
"
69,0.52738875,68.828025,"+1.00000000E+00
","+1.00000000E+02
"
70,0.53022735,70.034555,"+1.00000000E+00
","+1.00000000E+02
"
71,0.53246547,71.261297,"+1.00000000E+00
","+1.00000000E+02
"
72,0.53517208,72.385944,"+1.00000000E+00
","+1.00000000E+02
"
73,0.53843063,73.443758,"+1.00000000E+00
","+1.00000000E+02
"
74,0.54086361,74.405774,"+1.00000000E+00
","+1.00000000E+02
"
75,0.54294818,75.589726,"+1.00000000E+00
","+1.00000000E+02
"
76,0.54562909,76.824963,"+1.00000000E+00
","+1.00000000E+02
"
77,0.54802452,77.994569,"+1.00000000E+00
","+1.00000000E+02
"
78,0.55062715,79.084692,"+1.00000000E+00
","+1.00000000E+02
"
79,0.55390369,80.309246,"+1.00000000E+00
","+1.00000000E+02
"
80,0.55647162,81.333906,"+1.00000000E+00
","+1.00000000E+02
"
81,0.55869833,82.327216,"+1.00000000E+00
","+1.00000000E+02
"
82,0.5612995,83.596168,"+1.00000000E+00
","+1.00000000E+02
"
83,0.56424803,84.649614,"+1.00000000E+00
","+1.00000000E+02
"
84,0.56671606,85.828268,"+1.00000000E+00
","+1.00000000E+02
"
85,0.56888755,86.975152,"+1.00000000E+00
","+1.00000000E+02
"
86,0.57163829,88.181679,"+1.00000000E+00
","+1.00000000E+02
"
87,0.57465773,89.154289,"+1.00000000E+00
","+1.00000000E+02
"
88,0.57700685,90.328189,"+1.00000000E+00
","+1.00000000E+02
"
89,0.57925354,91.386076,"+1.00000000E+00
","+1.00000000E+02
"
90,0.5821459,92.608138,"+1.00000000E+00
","+1.00000000E+02
"
91,0.58489444,93.831075,"+1.00000000E+00
","+1.00000000E+02
"
92,0.58759583,94.909549,"+1.00000000E+00
","+1.00000000E+02
"
93,0.58996438,96.103011,"+1.00000000E+00
","+1.00000000E+02
"
94,0.59276805,97.459368,"+1.00000000E+00
","+1.00000000E+02
"
95,0.59505167,98.484341,"+1.00000000E+00
","+1.00000000E+02
"
96,0.59751634,99.428988,"+1.00000000E+00
","+1.00000000E+02
"
97,0.60006218,100.61069,"+1.00000000E+00
","+1.00000000E+02
"
98,0.60305684,101.84909,"+1.00000000E+00
","+1.00000000E+02
"
99,0.60553887,102.98263,"+1.00000000E+00
","+1.00000000E+02
"
